timeStamp,elapsed,label,responseCode,responseMessage,threadName,dataType,success,failureMessage,bytes,sentBytes,grpThreads,allThreads,URL,Latency,IdleTime,Connect
1653842927878,144,1_get_method,200,OK,Thread Group 1-1,text,true,,170,152,8,8,http://162.55.220.72:5005/get_method?name=Pavlik&age=24,144,0,72
1653842927907,133,1_get_method,200,OK,Thread Group 1-3,text,true,,170,152,9,9,http://162.55.220.72:5005/get_method?name=Pavlik&age=24,132,0,66
1653842927896,145,1_get_method,200,OK,Thread Group 1-2,text,true,,170,152,9,9,http://162.55.220.72:5005/get_method?name=Pavlik&age=24,145,0,72
1653842927932,145,1_get_method,200,OK,Thread Group 1-4,text,true,,170,152,11,11,http://162.55.220.72:5005/get_method?name=Pavlik&age=24,145,0,71
1653842927960,144,1_get_method,200,OK,Thread Group 1-5,text,true,,170,152,13,13,http://162.55.220.72:5005/get_method?name=Pavlik&age=24,144,0,70
1653842927980,129,1_get_method,200,OK,Thread Group 1-6,text,true,,170,152,13,13,http://162.55.220.72:5005/get_method?name=Pavlik&age=24,129,0,63
1653842927986,140,1_get_method,200,OK,Thread Group 1-7,text,true,,170,152,14,14,http://162.55.220.72:5005/get_method?name=Pavlik&age=24,140,0,68
1653842928004,140,1_get_method,200,OK,Thread Group 1-8,text,true,,170,152,15,15,http://162.55.220.72:5005/get_method?name=Pavlik&age=24,140,0,69
1653842928023,128,2_user_info_2,200,OK,Thread Group 1-1,text,true,,465,249,15,15,http://162.55.220.72:5005/user_info_2,128,0,62
1653842928024,135,1_get_method,200,OK,Thread Group 1-9,text,true,,170,152,15,15,http://162.55.220.72:5005/get_method?name=Pavlik&age=24,135,0,66
1653842928041,133,2_user_info_2,200,OK,Thread Group 1-3,text,true,,465,249,16,16,http://162.55.220.72:5005/user_info_2,133,0,64
1653842928041,143,2_user_info_2,200,OK,Thread Group 1-2,text,true,,465,249,17,17,http://162.55.220.72:5005/user_info_2,143,0,70
1653842928065,138,1_get_method,200,OK,Thread Group 1-11,text,true,,170,152,18,18,http://162.55.220.72:5005/get_method?name=Pavlik&age=24,137,0,66
1653842928078,129,2_user_info_2,200,OK,Thread Group 1-4,text,true,,465,249,18,18,http://162.55.220.72:5005/user_info_2,129,0,63
1653842928058,151,1_get_method,200,OK,Thread Group 1-10,text,true,,170,152,18,18,http://162.55.220.72:5005/get_method?name=Pavlik&age=24,151,0,72
1653842928085,135,1_get_method,200,OK,Thread Group 1-12,text,true,,170,152,18,18,http://162.55.220.72:5005/get_method?name=Pavlik&age=24,135,0,66
1653842928104,137,1_get_method,200,OK,Thread Group 1-13,text,true,,170,152,19,19,http://162.55.220.72:5005/get_method?name=Pavlik&age=24,137,0,67
1653842928109,134,2_user_info_2,200,OK,Thread Group 1-6,text,true,,465,249,19,19,http://162.55.220.72:5005/user_info_2,134,0,66
1653842928105,140,2_user_info_2,200,OK,Thread Group 1-5,text,true,,465,249,20,20,http://162.55.220.72:5005/user_info_2,140,0,69
1653842928124,134,1_get_method,200,OK,Thread Group 1-14,text,true,,170,152,20,20,http://162.55.220.72:5005/get_method?name=Pavlik&age=24,134,0,66
1653842928145,130,2_user_info_2,200,OK,Thread Group 1-8,text,true,,465,249,21,21,http://162.55.220.72:5005/user_info_2,130,0,63
1653842928144,138,1_get_method,200,OK,Thread Group 1-15,text,true,,170,152,22,22,http://162.55.220.72:5005/get_method?name=Pavlik&age=24,138,0,68
1653842928151,136,3_user_info_3,200,OK,Thread Group 1-1,text,true,,371,249,22,22,http://162.55.220.72:5005/user_info_3,136,0,66
1653842928159,132,2_user_info_2,200,OK,Thread Group 1-9,text,true,,465,249,22,22,http://162.55.220.72:5005/user_info_2,132,0,63
1653842928165,142,1_get_method,200,OK,Thread Group 1-16,text,true,,170,152,23,23,http://162.55.220.72:5005/get_method?name=Pavlik&age=24,142,0,70
1653842928175,140,3_user_info_3,200,OK,Thread Group 1-3,text,true,,371,249,23,23,http://162.55.220.72:5005/user_info_3,140,0,69
1653842928184,143,3_user_info_3,200,OK,Thread Group 1-2,text,true,,371,249,24,24,http://162.55.220.72:5005/user_info_3,143,0,70
1653842928186,143,1_get_method,200,OK,Thread Group 1-17,text,true,,170,152,24,24,http://162.55.220.72:5005/get_method?name=Pavlik&age=24,143,0,69
1653842928203,136,2_user_info_2,200,OK,Thread Group 1-11,text,true,,465,249,24,24,http://162.55.220.72:5005/user_info_2,136,0,66
1653842928204,141,1_get_method,200,OK,Thread Group 1-18,text,true,,170,152,25,25,http://162.55.220.72:5005/get_method?name=Pavlik&age=24,141,0,67
1653842928207,140,3_user_info_3,200,OK,Thread Group 1-4,text,true,,371,249,25,25,http://162.55.220.72:5005/user_info_3,140,0,69
1653842928210,145,2_user_info_2,200,OK,Thread Group 1-10,text,true,,465,249,25,25,http://162.55.220.72:5005/user_info_2,145,0,70
1653842928225,135,1_get_method,200,OK,Thread Group 1-19,text,true,,170,152,25,25,http://162.55.220.72:5005/get_method?name=Pavlik&age=24,135,0,65
1653842928220,140,2_user_info_2,200,OK,Thread Group 1-12,text,true,,465,249,25,25,http://162.55.220.72:5005/user_info_2,140,0,66
1653842928245,140,1_get_method,200,OK,Thread Group 1-20,text,true,,170,152,27,27,http://162.55.220.72:5005/get_method?name=Pavlik&age=24,140,0,64
1653842928243,143,3_user_info_3,200,OK,Thread Group 1-6,text,true,,371,249,27,27,http://162.55.220.72:5005/user_info_3,143,0,66
1653842928258,132,2_user_info_2,200,OK,Thread Group 1-14,text,true,,465,249,27,27,http://162.55.220.72:5005/user_info_2,132,0,65
1653842928245,146,3_user_info_3,200,OK,Thread Group 1-5,text,true,,371,249,27,27,http://162.55.220.72:5005/user_info_3,145,0,70
1653842928241,150,2_user_info_2,200,OK,Thread Group 1-13,text,true,,465,249,27,27,http://162.55.220.72:5005/user_info_2,150,0,70
1653842928263,143,1_get_method,200,OK,Thread Group 1-21,text,true,,170,152,28,28,http://162.55.220.72:5005/get_method?name=Pavlik&age=24,143,0,72
1653842928276,130,3_user_info_3,200,OK,Thread Group 1-8,text,true,,371,249,28,28,http://162.55.220.72:5005/user_info_3,130,0,63
1653842928288,130,4_object_info_1,200,OK,Thread Group 1-1,text,true,,232,165,28,28,http://162.55.220.72:5005/object_info_1?name=Pavlik&age=24&weight=67,130,0,61
1653842928283,143,2_user_info_2,200,OK,Thread Group 1-15,text,true,,465,249,29,29,http://162.55.220.72:5005/user_info_2,143,0,66
1653842928283,144,1_get_method,200,OK,Thread Group 1-22,text,true,,170,152,29,29,http://162.55.220.72:5005/get_method?name=Pavlik&age=24,144,0,67
1653842928292,136,3_user_info_3,200,OK,Thread Group 1-9,text,true,,371,249,29,29,http://162.55.220.72:5005/user_info_3,135,0,65
1653842928308,136,2_user_info_2,200,OK,Thread Group 1-16,text,true,,465,249,30,30,http://162.55.220.72:5005/user_info_2,135,0,65
1653842928305,145,1_get_method,200,OK,Thread Group 1-23,text,true,,170,152,30,30,http://162.55.220.72:5005/get_method?name=Pavlik&age=24,145,0,69
1653842928325,133,1_get_method,200,OK,Thread Group 1-24,text,true,,170,152,30,30,http://162.55.220.72:5005/get_method?name=Pavlik&age=24,133,0,62
1653842928316,143,4_object_info_1,200,OK,Thread Group 1-3,text,true,,232,165,30,30,http://162.55.220.72:5005/object_info_1?name=Pavlik&age=24&weight=67,143,0,68
1653842928327,143,4_object_info_1,200,OK,Thread Group 1-2,text,true,,232,165,31,31,http://162.55.220.72:5005/object_info_1?name=Pavlik&age=24&weight=67,143,0,69
1653842928329,141,2_user_info_2,200,OK,Thread Group 1-17,text,true,,465,249,31,31,http://162.55.220.72:5005/user_info_2,141,0,69
1653842928339,139,3_user_info_3,200,OK,Thread Group 1-11,text,true,,371,249,31,31,http://162.55.220.72:5005/user_info_3,139,0,69
1653842928345,146,1_get_method,200,OK,Thread Group 1-25,text,true,,170,152,32,32,http://162.55.220.72:5005/get_method?name=Pavlik&age=24,146,0,70
1653842928346,145,2_user_info_2,200,OK,Thread Group 1-18,text,true,,465,249,32,32,http://162.55.220.72:5005/user_info_2,144,0,69
1653842928360,133,3_user_info_3,200,OK,Thread Group 1-12,text,true,,371,249,32,32,http://162.55.220.72:5005/user_info_3,133,0,66
1653842928347,150,4_object_info_1,200,OK,Thread Group 1-4,text,true,,232,165,32,32,http://162.55.220.72:5005/object_info_1?name=Pavlik&age=24&weight=67,150,0,71
1653842928360,138,2_user_info_2,200,OK,Thread Group 1-19,text,true,,465,249,32,32,http://162.55.220.72:5005/user_info_2,138,0,68
1653842928355,144,3_user_info_3,200,OK,Thread Group 1-10,text,true,,371,249,32,32,http://162.55.220.72:5005/user_info_3,143,0,72
1653842928367,134,1_get_method,200,OK,Thread Group 1-26,text,true,,170,152,32,32,http://162.55.220.72:5005/get_method?name=Pavlik&age=24,134,0,66
1653842928387,130,4_object_info_1,200,OK,Thread Group 1-6,text,true,,232,165,33,33,http://162.55.220.72:5005/object_info_1?name=Pavlik&age=24&weight=67,130,0,63
1653842928391,133,3_user_info_3,200,OK,Thread Group 1-13,text,true,,371,249,34,34,http://162.55.220.72:5005/user_info_3,132,0,67
1653842928385,142,1_get_method,200,OK,Thread Group 1-27,text,true,,170,152,34,34,http://162.55.220.72:5005/get_method?name=Pavlik&age=24,141,0,68
1653842928386,148,2_user_info_2,200,OK,Thread Group 1-20,text,true,,465,249,34,34,http://162.55.220.72:5005/user_info_2,147,0,72
1653842928391,143,4_object_info_1,200,OK,Thread Group 1-5,text,true,,232,165,34,34,http://162.55.220.72:5005/object_info_1?name=Pavlik&age=24&weight=67,143,0,70
1653842928390,150,3_user_info_3,200,OK,Thread Group 1-14,text,true,,371,249,34,34,http://162.55.220.72:5005/user_info_3,150,0,73
1653842928406,136,2_user_info_2,200,OK,Thread Group 1-21,text,true,,465,249,34,34,http://162.55.220.72:5005/user_info_2,136,0,65
1653842928404,144,1_get_method,200,OK,Thread Group 1-28,text,true,,170,152,35,35,http://162.55.220.72:5005/get_method?name=Pavlik&age=24,144,0,70
1653842928406,142,4_object_info_1,200,OK,Thread Group 1-8,text,true,,232,165,35,35,http://162.55.220.72:5005/object_info_1?name=Pavlik&age=24&weight=67,142,0,70
1653842928424,145,1_get_method,200,OK,Thread Group 1-29,text,true,,170,152,36,36,http://162.55.220.72:5005/get_method?name=Pavlik&age=24,145,0,67
1653842928427,145,3_user_info_3,200,OK,Thread Group 1-15,text,true,,371,249,36,36,http://162.55.220.72:5005/user_info_3,145,0,68
1653842928427,148,2_user_info_2,200,OK,Thread Group 1-22,text,true,,465,249,36,36,http://162.55.220.72:5005/user_info_2,148,0,67
1653842928419,158,5_object_info_2,200,OK,Thread Group 1-1,text,true,,465,167,36,36,http://162.55.220.72:5005/object_info_2?name=Pavlik&age=24&salary=1200,158,0,74
1653842928428,151,4_object_info_1,200,OK,Thread Group 1-9,text,true,,232,165,36,36,http://162.55.220.72:5005/object_info_1?name=Pavlik&age=24&weight=67,151,0,68
1653842928444,136,1_get_method,200,OK,Thread Group 1-30,text,true,,170,152,36,36,http://162.55.220.72:5005/get_method?name=Pavlik&age=24,136,0,67
1653842928444,141,3_user_info_3,200,OK,Thread Group 1-16,text,true,,371,249,37,37,http://162.55.220.72:5005/user_info_3,141,0,69
1653842928451,136,2_user_info_2,200,OK,Thread Group 1-23,text,true,,465,249,37,37,http://162.55.220.72:5005/user_info_2,135,0,68
1653842928458,137,2_user_info_2,200,OK,Thread Group 1-24,text,true,,465,249,37,37,http://162.55.220.72:5005/user_info_2,137,0,66
1653842928460,136,5_object_info_2,200,OK,Thread Group 1-3,text,true,,465,167,37,37,http://162.55.220.72:5005/object_info_2?name=Pavlik&age=24&salary=1200,135,0,64
1653842928465,133,1_get_method,200,OK,Thread Group 1-31,text,true,,170,152,37,37,http://162.55.220.72:5005/get_method?name=Pavlik&age=24,133,0,65
1653842928470,143,3_user_info_3,200,OK,Thread Group 1-17,text,true,,371,249,38,38,http://162.55.220.72:5005/user_info_3,143,0,66
1653842928470,143,5_object_info_2,200,OK,Thread Group 1-2,text,true,,465,167,38,38,http://162.55.220.72:5005/object_info_2?name=Pavlik&age=24&salary=1200,143,0,66
1653842928479,135,4_object_info_1,200,OK,Thread Group 1-11,text,true,,232,165,38,38,http://162.55.220.72:5005/object_info_1?name=Pavlik&age=24&weight=67,135,0,62
1653842928484,134,1_get_method,200,OK,Thread Group 1-32,text,true,,170,152,38,38,http://162.55.220.72:5005/get_method?name=Pavlik&age=24,134,0,65
1653842928491,145,2_user_info_2,200,OK,Thread Group 1-25,text,true,,465,249,38,38,http://162.55.220.72:5005/user_info_2,145,0,68
1653842928502,134,2_user_info_2,200,OK,Thread Group 1-26,text,true,,465,249,38,38,http://162.55.220.72:5005/user_info_2,134,0,61
1653842928491,146,3_user_info_3,200,OK,Thread Group 1-18,text,true,,371,249,39,39,http://162.55.220.72:5005/user_info_3,146,0,70
1653842928504,140,1_get_method,200,OK,Thread Group 1-33,text,true,,170,152,40,40,http://162.55.220.72:5005/get_method?name=Pavlik&age=24,139,0,62
1653842928494,154,4_object_info_1,200,OK,Thread Group 1-12,text,true,,232,165,40,40,http://162.55.220.72:5005/object_info_1?name=Pavlik&age=24&weight=67,154,0,69
1653842928497,153,5_object_info_2,200,OK,Thread Group 1-4,text,true,,465,167,40,40,http://162.55.220.72:5005/object_info_2?name=Pavlik&age=24&salary=1200,153,0,70
1653842928499,153,3_user_info_3,200,OK,Thread Group 1-19,text,true,,371,249,40,40,http://162.55.220.72:5005/user_info_3,152,0,70
1653842928499,154,4_object_info_1,200,OK,Thread Group 1-10,text,true,,232,165,40,40,http://162.55.220.72:5005/object_info_1?name=Pavlik&age=24&weight=67,153,0,72
1653842928524,130,4_object_info_1,200,OK,Thread Group 1-13,text,true,,232,165,40,40,http://162.55.220.72:5005/object_info_1?name=Pavlik&age=24&weight=67,130,0,62
1653842928517,142,5_object_info_2,200,OK,Thread Group 1-6,text,true,,465,167,40,40,http://162.55.220.72:5005/object_info_2?name=Pavlik&age=24&salary=1200,142,0,69
1653842928524,135,1_get_method,200,OK,Thread Group 1-34,text,true,,170,152,40,40,http://162.55.220.72:5005/get_method?name=Pavlik&age=24,135,0,66
1653842928527,140,2_user_info_2,200,OK,Thread Group 1-27,text,true,,465,249,41,41,http://162.55.220.72:5005/user_info_2,140,0,68
1653842928535,136,3_user_info_3,200,OK,Thread Group 1-20,text,true,,371,249,41,41,http://162.55.220.72:5005/user_info_3,136,0,66
1653842928535,142,5_object_info_2,200,OK,Thread Group 1-5,text,true,,465,167,41,41,http://162.55.220.72:5005/object_info_2?name=Pavlik&age=24&salary=1200,142,0,68
1653842928540,147,4_object_info_1,200,OK,Thread Group 1-14,text,true,,232,165,42,42,http://162.55.220.72:5005/object_info_1?name=Pavlik&age=24&weight=67,147,0,69
1653842928543,146,3_user_info_3,200,OK,Thread Group 1-21,text,true,,371,249,42,42,http://162.55.220.72:5005/user_info_3,146,0,68
1653842928549,143,5_object_info_2,200,OK,Thread Group 1-8,text,true,,465,167,42,42,http://162.55.220.72:5005/object_info_2?name=Pavlik&age=24&salary=1200,142,0,65
1653842928549,146,2_user_info_2,200,OK,Thread Group 1-28,text,true,,465,249,42,42,http://162.55.220.72:5005/user_info_2,146,0,69
1653842928545,154,1_get_method,200,OK,Thread Group 1-35,text,true,,170,152,42,42,http://162.55.220.72:5005/get_method?name=Pavlik&age=24,154,0,73
1653842928570,133,2_user_info_2,200,OK,Thread Group 1-29,text,true,,465,249,42,42,http://162.55.220.72:5005/user_info_2,132,0,66
1653842928564,147,1_get_method,200,OK,Thread Group 1-36,text,true,,170,152,43,43,http://162.55.220.72:5005/get_method?name=Pavlik&age=24,147,0,72
1653842928572,140,4_object_info_1,200,OK,Thread Group 1-15,text,true,,232,165,43,43,http://162.55.220.72:5005/object_info_1?name=Pavlik&age=24&weight=67,139,0,66
1653842928579,137,5_object_info_2,200,OK,Thread Group 1-9,text,true,,465,167,43,43,http://162.55.220.72:5005/object_info_2?name=Pavlik&age=24&salary=1200,137,0,66
1653842928586,134,4_object_info_1,200,OK,Thread Group 1-16,text,true,,232,165,43,43,http://162.55.220.72:5005/object_info_1?name=Pavlik&age=24&weight=67,133,0,62
1653842928578,145,6_object_info_3,200,OK,Thread Group 1-1,text,true,,526,167,44,44,http://162.55.220.72:5005/object_info_3?name=Pavlik&age=24&salary=1200,145,0,68
1653842928580,149,2_user_info_2,200,OK,Thread Group 1-30,text,true,,465,249,44,44,http://162.55.220.72:5005/user_info_2,149,0,68
1653842928587,142,3_user_info_3,200,OK,Thread Group 1-23,text,true,,371,249,44,44,http://162.55.220.72:5005/user_info_3,142,0,64
1653842928595,140,3_user_info_3,200,OK,Thread Group 1-24,text,true,,371,249,44,44,http://162.55.220.72:5005/user_info_3,139,0,67
1653842928598,138,2_user_info_2,200,OK,Thread Group 1-31,text,true,,465,249,44,44,http://162.55.220.72:5005/user_info_2,138,0,66
1653842928585,151,1_get_method,200,OK,Thread Group 1-37,text,true,,170,152,44,44,http://162.55.220.72:5005/get_method?name=Pavlik&age=24,151,0,69
1653842928575,161,3_user_info_3,200,OK,Thread Group 1-22,text,true,,371,249,44,44,http://162.55.220.72:5005/user_info_3,161,0,73
1653842928597,144,6_object_info_3,200,OK,Thread Group 1-3,text,true,,526,167,44,44,http://162.55.220.72:5005/object_info_3?name=Pavlik&age=24&salary=1200,143,0,70
1653842928614,130,4_object_info_1,200,OK,Thread Group 1-17,text,true,,232,165,45,45,http://162.55.220.72:5005/object_info_1?name=Pavlik&age=24&weight=67,129,0,65
1653842928603,145,1_get_method,200,OK,Thread Group 1-38,text,true,,170,152,45,45,http://162.55.220.72:5005/get_method?name=Pavlik&age=24,145,0,71
1653842928614,139,5_object_info_2,200,OK,Thread Group 1-11,text,true,,465,167,45,45,http://162.55.220.72:5005/object_info_2?name=Pavlik&age=24&salary=1200,139,0,69
1653842928614,143,6_object_info_3,200,OK,Thread Group 1-2,text,true,,526,167,45,45,http://162.55.220.72:5005/object_info_3?name=Pavlik&age=24&salary=1200,143,0,70
1653842928619,140,2_user_info_2,200,OK,Thread Group 1-32,text,true,,465,249,45,45,http://162.55.220.72:5005/user_info_2,140,0,69
1653842928637,127,3_user_info_3,200,OK,Thread Group 1-25,text,true,,371,249,46,46,http://162.55.220.72:5005/user_info_3,127,0,63
1653842928637,133,3_user_info_3,200,OK,Thread Group 1-26,text,true,,371,249,46,46,http://162.55.220.72:5005/user_info_3,133,0,66
1653842928644,131,2_user_info_2,200,OK,Thread Group 1-33,text,true,,465,249,46,46,http://162.55.220.72:5005/user_info_2,131,0,65
1653842928637,141,4_object_info_1,200,OK,Thread Group 1-18,text,true,,232,165,46,46,http://162.55.220.72:5005/object_info_1?name=Pavlik&age=24&weight=67,141,0,70
1653842928639,143,1_get_method,200,OK,Thread Group 1-39,text,true,,170,152,46,46,http://162.55.220.72:5005/get_method?name=Pavlik&age=24,143,0,72
1653842928653,130,5_object_info_2,200,OK,Thread Group 1-10,text,true,,465,167,46,46,http://162.55.220.72:5005/object_info_2?name=Pavlik&age=24&salary=1200,130,0,64
1653842928643,143,1_get_method,200,OK,Thread Group 1-40,text,true,,170,152,46,46,http://162.55.220.72:5005/get_method?name=Pavlik&age=24,142,0,71
1653842928655,131,5_object_info_2,200,OK,Thread Group 1-13,text,true,,465,167,46,46,http://162.55.220.72:5005/object_info_2?name=Pavlik&age=24&salary=1200,130,0,64
1653842928650,145,6_object_info_3,200,OK,Thread Group 1-4,text,true,,526,167,47,47,http://162.55.220.72:5005/object_info_3?name=Pavlik&age=24&salary=1200,144,0,70
1653842928659,137,6_object_info_3,200,OK,Thread Group 1-6,text,true,,526,167,47,47,http://162.55.220.72:5005/object_info_3?name=Pavlik&age=24&salary=1200,137,0,66
1653842928648,148,5_object_info_2,200,OK,Thread Group 1-12,text,true,,465,167,47,47,http://162.55.220.72:5005/object_info_2?name=Pavlik&age=24&salary=1200,148,0,73
1653842928660,136,2_user_info_2,200,OK,Thread Group 1-34,text,true,,465,249,47,47,http://162.55.220.72:5005/user_info_2,136,0,64
1653842928652,149,4_object_info_1,200,OK,Thread Group 1-19,text,true,,232,165,47,47,http://162.55.220.72:5005/object_info_1?name=Pavlik&age=24&weight=67,149,0,69
1653842928663,139,1_get_method,200,OK,Thread Group 1-41,text,true,,170,152,47,47,http://162.55.220.72:5005/get_method?name=Pavlik&age=24,139,0,69
1653842928667,141,3_user_info_3,200,OK,Thread Group 1-27,text,true,,371,249,48,48,http://162.55.220.72:5005/user_info_3,141,0,70
1653842928677,134,6_object_info_3,200,OK,Thread Group 1-5,text,true,,526,167,48,48,http://162.55.220.72:5005/object_info_3?name=Pavlik&age=24&salary=1200,134,0,66
1653842928671,141,4_object_info_1,200,OK,Thread Group 1-20,text,true,,232,165,48,48,http://162.55.220.72:5005/object_info_1?name=Pavlik&age=24&weight=67,141,0,70
1653842928682,141,1_get_method,200,OK,Thread Group 1-42,text,true,,170,152,48,48,http://162.55.220.72:5005/get_method?name=Pavlik&age=24,141,0,68
1653842928687,137,5_object_info_2,200,OK,Thread Group 1-14,text,true,,465,167,48,48,http://162.55.220.72:5005/object_info_2?name=Pavlik&age=24&salary=1200,137,0,66
1653842928690,145,4_object_info_1,200,OK,Thread Group 1-21,text,true,,232,165,49,49,http://162.55.220.72:5005/object_info_1?name=Pavlik&age=24&weight=67,145,0,68
1653842928692,146,6_object_info_3,200,OK,Thread Group 1-8,text,true,,526,167,49,49,http://162.55.220.72:5005/object_info_3?name=Pavlik&age=24&salary=1200,146,0,69
1653842928696,143,3_user_info_3,200,OK,Thread Group 1-28,text,true,,371,249,49,49,http://162.55.220.72:5005/user_info_3,143,0,70
1653842928703,143,3_user_info_3,200,OK,Thread Group 1-29,text,true,,371,249,50,50,http://162.55.220.72:5005/user_info_3,143,0,69
1653842928699,148,2_user_info_2,200,OK,Thread Group 1-35,text,true,,465,249,50,50,http://162.55.220.72:5005/user_info_2,148,0,69
1653842928705,145,1_get_method,200,OK,Thread Group 1-43,text,true,,170,152,50,50,http://162.55.220.72:5005/get_method?name=Pavlik&age=24,145,0,68
1653842928712,143,5_object_info_2,200,OK,Thread Group 1-15,text,true,,465,167,50,50,http://162.55.220.72:5005/object_info_2?name=Pavlik&age=24&salary=1200,142,0,70
1653842928712,151,2_user_info_2,200,OK,Thread Group 1-36,text,true,,465,249,50,50,http://162.55.220.72:5005/user_info_2,151,0,71
1653842928723,144,1_get_method,200,OK,Thread Group 1-44,text,true,,170,152,50,50,http://162.55.220.72:5005/get_method?name=Pavlik&age=24,143,0,65
1653842928717,150,6_object_info_3,200,OK,Thread Group 1-9,text,true,,526,167,50,50,http://162.55.220.72:5005/object_info_3?name=Pavlik&age=24&salary=1200,150,0,71
1653842928723,147,7_object_info_4,200,OK,Thread Group 1-1,text,true,,238,167,50,50,http://162.55.220.72:5005/object_info_4?name=Pavlik&age=24&salary=1200,146,0,66
1653842928720,155,5_object_info_2,200,OK,Thread Group 1-16,text,true,,465,167,49,49,http://162.55.220.72:5005/object_info_2?name=Pavlik&age=24&salary=1200,154,0,72
1653842928730,150,4_object_info_1,200,OK,Thread Group 1-23,text,true,,232,165,49,49,http://162.55.220.72:5005/object_info_1?name=Pavlik&age=24&weight=67,149,0,66
1653842928736,151,4_object_info_1,200,OK,Thread Group 1-22,text,true,,232,165,49,49,http://162.55.220.72:5005/object_info_1?name=Pavlik&age=24&weight=67,151,0,66
1653842928730,164,3_user_info_3,200,OK,Thread Group 1-30,text,true,,371,249,49,49,http://162.55.220.72:5005/user_info_3,163,0,71
1653842928736,160,2_user_info_2,200,OK,Thread Group 1-37,text,true,,465,249,49,49,http://162.55.220.72:5005/user_info_2,160,0,69
1653842928742,155,7_object_info_4,200,OK,Thread Group 1-3,text,true,,238,167,49,49,http://162.55.220.72:5005/object_info_4?name=Pavlik&age=24&salary=1200,155,0,66
1653842928736,162,3_user_info_3,200,OK,Thread Group 1-31,text,true,,371,249,48,48,http://162.55.220.72:5005/user_info_3,162,0,69
1653842928744,155,1_get_method,200,OK,Thread Group 1-45,text,true,,170,152,48,48,http://162.55.220.72:5005/get_method?name=Pavlik&age=24,155,0,65
1653842928735,167,4_object_info_1,200,OK,Thread Group 1-24,text,true,,232,165,48,48,http://162.55.220.72:5005/object_info_1?name=Pavlik&age=24&weight=67,167,0,73
1653842928748,158,2_user_info_2,200,OK,Thread Group 1-38,text,true,,465,249,48,48,http://162.55.220.72:5005/user_info_2,158,0,68
1653842928744,163,5_object_info_2,200,OK,Thread Group 1-17,text,true,,465,167,48,48,http://162.55.220.72:5005/object_info_2?name=Pavlik&age=24&salary=1200,163,0,69
1653842928753,152,6_object_info_3,200,OK,Thread Group 1-11,text,true,,526,167,48,48,http://162.55.220.72:5005/object_info_3?name=Pavlik&age=24&salary=1200,152,0,66
1653842928759,163,3_user_info_3,200,OK,Thread Group 1-32,text,true,,371,249,48,48,http://162.55.220.72:5005/user_info_3,163,0,69
1653842928771,152,4_object_info_1,200,OK,Thread Group 1-26,text,true,,232,165,48,48,http://162.55.220.72:5005/object_info_1?name=Pavlik&age=24&weight=67,152,0,64
1653842928765,158,4_object_info_1,200,OK,Thread Group 1-25,text,true,,232,165,48,48,http://162.55.220.72:5005/object_info_1?name=Pavlik&age=24&weight=67,158,0,65
1653842928757,171,7_object_info_4,200,OK,Thread Group 1-2,text,true,,238,167,48,48,http://162.55.220.72:5005/object_info_4?name=Pavlik&age=24&salary=1200,171,0,70
1653842928765,167,1_get_method,200,OK,Thread Group 1-46,text,true,,170,152,47,47,http://162.55.220.72:5005/get_method?name=Pavlik&age=24,167,0,69
1653842928783,157,6_object_info_3,200,OK,Thread Group 1-10,text,true,,526,167,47,47,http://162.55.220.72:5005/object_info_3?name=Pavlik&age=24&salary=1200,157,0,63
1653842928775,166,3_user_info_3,200,OK,Thread Group 1-33,text,true,,371,249,47,47,http://162.55.220.72:5005/user_info_3,166,0,69
1653842928786,157,2_user_info_2,200,OK,Thread Group 1-40,text,true,,465,249,47,47,http://162.55.220.72:5005/user_info_2,157,0,64
1653842928783,164,2_user_info_2,200,OK,Thread Group 1-39,text,true,,465,249,47,47,http://162.55.220.72:5005/user_info_2,164,0,67
1653842928778,171,5_object_info_2,200,OK,Thread Group 1-18,text,true,,465,167,47,47,http://162.55.220.72:5005/object_info_2?name=Pavlik&age=24&salary=1200,171,0,70
1653842928796,154,6_object_info_3,200,OK,Thread Group 1-12,text,true,,526,167,47,47,http://162.55.220.72:5005/object_info_3?name=Pavlik&age=24&salary=1200,154,0,64
1653842928786,167,6_object_info_3,200,OK,Thread Group 1-13,text,true,,526,167,47,47,http://162.55.220.72:5005/object_info_3?name=Pavlik&age=24&salary=1200,167,0,67
1653842928787,166,1_get_method,200,OK,Thread Group 1-47,text,true,,170,152,47,47,http://162.55.220.72:5005/get_method?name=Pavlik&age=24,166,0,66
1653842928796,161,7_object_info_4,200,OK,Thread Group 1-6,text,true,,238,167,47,47,http://162.55.220.72:5005/object_info_4?name=Pavlik&age=24&salary=1200,161,0,67
1653842928796,161,3_user_info_3,200,OK,Thread Group 1-34,text,true,,371,249,47,47,http://162.55.220.72:5005/user_info_3,161,0,67
1653842928801,159,5_object_info_2,200,OK,Thread Group 1-19,text,true,,465,167,46,46,http://162.55.220.72:5005/object_info_2?name=Pavlik&age=24&salary=1200,159,0,66
1653842928795,166,7_object_info_4,200,OK,Thread Group 1-4,text,true,,238,167,46,46,http://162.55.220.72:5005/object_info_4?name=Pavlik&age=24&salary=1200,166,0,71
1653842928802,163,2_user_info_2,200,OK,Thread Group 1-41,text,true,,465,249,45,45,http://162.55.220.72:5005/user_info_2,163,0,69
1653842928808,160,4_object_info_1,200,OK,Thread Group 1-27,text,true,,232,165,45,45,http://162.55.220.72:5005/object_info_1?name=Pavlik&age=24&weight=67,160,0,65
1653842928807,162,1_get_method,200,OK,Thread Group 1-48,text,true,,170,152,45,45,http://162.55.220.72:5005/get_method?name=Pavlik&age=24,162,0,70
1653842928824,147,2_user_info_2,200,OK,Thread Group 1-42,text,true,,465,249,45,45,http://162.55.220.72:5005/user_info_2,147,0,65
1653842928811,160,7_object_info_4,200,OK,Thread Group 1-5,text,true,,238,167,45,45,http://162.55.220.72:5005/object_info_4?name=Pavlik&age=24&salary=1200,160,0,68
1653842928813,162,5_object_info_2,200,OK,Thread Group 1-20,text,true,,465,167,44,44,http://162.55.220.72:5005/object_info_2?name=Pavlik&age=24&salary=1200,161,0,71
1653842928824,155,6_object_info_3,200,OK,Thread Group 1-14,text,true,,526,167,44,44,http://162.55.220.72:5005/object_info_3?name=Pavlik&age=24&salary=1200,155,0,70
1653842928826,154,1_get_method,200,OK,Thread Group 1-49,text,true,,170,152,44,44,http://162.55.220.72:5005/get_method?name=Pavlik&age=24,153,0,69
1653842928838,147,7_object_info_4,200,OK,Thread Group 1-8,text,true,,238,167,44,44,http://162.55.220.72:5005/object_info_4?name=Pavlik&age=24&salary=1200,147,0,65
1653842928839,147,4_object_info_1,200,OK,Thread Group 1-28,text,true,,232,165,44,44,http://162.55.220.72:5005/object_info_1?name=Pavlik&age=24&weight=67,147,0,66
1653842928846,146,1_get_method,200,OK,Thread Group 1-50,text,true,,170,152,43,43,http://162.55.220.72:5005/get_method?name=Pavlik&age=24,145,0,67
1653842928847,146,3_user_info_3,200,OK,Thread Group 1-35,text,true,,371,249,43,43,http://162.55.220.72:5005/user_info_3,146,0,67
1653842928847,150,4_object_info_1,200,OK,Thread Group 1-29,text,true,,232,165,43,43,http://162.55.220.72:5005/object_info_1?name=Pavlik&age=24&weight=67,150,0,71
1653842928835,162,5_object_info_2,200,OK,Thread Group 1-21,text,true,,465,167,43,43,http://162.55.220.72:5005/object_info_2?name=Pavlik&age=24&salary=1200,162,0,72
1653842928850,151,2_user_info_2,200,OK,Thread Group 1-43,text,true,,465,249,43,43,http://162.55.220.72:5005/user_info_2,151,0,70
1653842928867,143,2_user_info_2,200,OK,Thread Group 1-44,text,true,,465,249,43,43,http://162.55.220.72:5005/user_info_2,143,0,67
1653842928875,137,6_object_info_3,200,OK,Thread Group 1-16,text,true,,526,167,43,43,http://162.55.220.72:5005/object_info_3?name=Pavlik&age=24&salary=1200,137,0,66
1653842928863,150,3_user_info_3,200,OK,Thread Group 1-36,text,true,,371,249,43,43,http://162.55.220.72:5005/user_info_3,150,0,68
1653842928867,146,7_object_info_4,200,OK,Thread Group 1-9,text,true,,238,167,43,43,http://162.55.220.72:5005/object_info_4?name=Pavlik&age=24&salary=1200,146,0,67
1653842928855,158,6_object_info_3,200,OK,Thread Group 1-15,text,true,,526,167,43,43,http://162.55.220.72:5005/object_info_3?name=Pavlik&age=24&salary=1200,158,0,71
1653842928880,138,5_object_info_2,200,OK,Thread Group 1-23,text,true,,465,167,42,42,http://162.55.220.72:5005/object_info_2?name=Pavlik&age=24&salary=1200,138,0,68
1653842928887,134,5_object_info_2,200,OK,Thread Group 1-22,text,true,,465,167,42,42,http://162.55.220.72:5005/object_info_2?name=Pavlik&age=24&salary=1200,134,0,67
1653842928894,134,4_object_info_1,200,OK,Thread Group 1-30,text,true,,232,165,42,42,http://162.55.220.72:5005/object_info_1?name=Pavlik&age=24&weight=67,134,0,67
1653842928899,140,2_user_info_2,200,OK,Thread Group 1-45,text,true,,465,249,42,42,http://162.55.220.72:5005/user_info_2,140,0,65
1653842928896,147,3_user_info_3,200,OK,Thread Group 1-37,text,true,,371,249,42,42,http://162.55.220.72:5005/user_info_3,147,0,68
1653842928899,155,4_object_info_1,200,OK,Thread Group 1-31,text,true,,232,165,42,42,http://162.55.220.72:5005/object_info_1?name=Pavlik&age=24&weight=67,155,0,66
1653842928912,148,6_object_info_3,200,OK,Thread Group 1-17,text,true,,526,167,42,42,http://162.55.220.72:5005/object_info_3?name=Pavlik&age=24&salary=1200,148,0,64
1653842928903,159,5_object_info_2,200,OK,Thread Group 1-24,text,true,,465,167,42,42,http://162.55.220.72:5005/object_info_2?name=Pavlik&age=24&salary=1200,159,0,71
1653842928922,141,4_object_info_1,200,OK,Thread Group 1-32,text,true,,232,165,42,42,http://162.55.220.72:5005/object_info_1?name=Pavlik&age=24&weight=67,141,0,66
1653842928924,143,5_object_info_2,200,OK,Thread Group 1-25,text,true,,465,167,42,42,http://162.55.220.72:5005/object_info_2?name=Pavlik&age=24&salary=1200,143,0,65
1653842928912,155,3_user_info_3,200,OK,Thread Group 1-38,text,true,,371,249,42,42,http://162.55.220.72:5005/user_info_3,155,0,68
1653842928924,143,5_object_info_2,200,OK,Thread Group 1-26,text,true,,465,167,42,42,http://162.55.220.72:5005/object_info_2?name=Pavlik&age=24&salary=1200,143,0,65
1653842928912,155,7_object_info_4,200,OK,Thread Group 1-11,text,true,,238,167,42,42,http://162.55.220.72:5005/object_info_4?name=Pavlik&age=24&salary=1200,155,0,67
1653842928941,133,7_object_info_4,200,OK,Thread Group 1-10,text,true,,238,167,41,41,http://162.55.220.72:5005/object_info_4?name=Pavlik&age=24&salary=1200,133,0,64
1653842928932,145,2_user_info_2,200,OK,Thread Group 1-46,text,true,,465,249,40,40,http://162.55.220.72:5005/user_info_2,145,0,71
1653842928947,133,3_user_info_3,200,OK,Thread Group 1-39,text,true,,371,249,40,40,http://162.55.220.72:5005/user_info_3,133,0,64
1653842928942,138,4_object_info_1,200,OK,Thread Group 1-33,text,true,,232,165,40,40,http://162.55.220.72:5005/object_info_1?name=Pavlik&age=24&weight=67,138,0,66
1653842928944,140,3_user_info_3,200,OK,Thread Group 1-40,text,true,,371,249,40,40,http://162.55.220.72:5005/user_info_3,140,0,65
1653842928950,139,7_object_info_4,200,OK,Thread Group 1-12,text,true,,238,167,40,40,http://162.55.220.72:5005/object_info_4?name=Pavlik&age=24&salary=1200,139,0,67
1653842928949,143,6_object_info_3,200,OK,Thread Group 1-18,text,true,,526,167,39,39,http://162.55.220.72:5005/object_info_3?name=Pavlik&age=24&salary=1200,143,0,70
1653842928953,141,2_user_info_2,200,OK,Thread Group 1-47,text,true,,465,249,39,39,http://162.55.220.72:5005/user_info_2,141,0,68
1653842928958,138,4_object_info_1,200,OK,Thread Group 1-34,text,true,,232,165,39,39,http://162.55.220.72:5005/object_info_1?name=Pavlik&age=24&weight=67,138,0,66
1653842928961,137,6_object_info_3,200,OK,Thread Group 1-19,text,true,,526,167,39,39,http://162.55.220.72:5005/object_info_3?name=Pavlik&age=24&salary=1200,136,0,65
1653842928954,152,7_object_info_4,200,OK,Thread Group 1-13,text,true,,238,167,39,39,http://162.55.220.72:5005/object_info_4?name=Pavlik&age=24&salary=1200,152,0,71
1653842928971,139,3_user_info_3,200,OK,Thread Group 1-42,text,true,,371,249,38,38,http://162.55.220.72:5005/user_info_3,138,0,64
1653842928975,136,6_object_info_3,200,OK,Thread Group 1-20,text,true,,526,167,38,38,http://162.55.220.72:5005/object_info_3?name=Pavlik&age=24&salary=1200,136,0,64
1653842928966,151,3_user_info_3,200,OK,Thread Group 1-41,text,true,,371,249,38,38,http://162.55.220.72:5005/user_info_3,151,0,69
1653842928968,152,5_object_info_2,200,OK,Thread Group 1-27,text,true,,465,167,38,38,http://162.55.220.72:5005/object_info_2?name=Pavlik&age=24&salary=1200,152,0,70
1653842928980,143,2_user_info_2,200,OK,Thread Group 1-49,text,true,,465,249,38,38,http://162.55.220.72:5005/user_info_2,143,0,70
1653842928969,155,2_user_info_2,200,OK,Thread Group 1-48,text,true,,465,249,38,38,http://162.55.220.72:5005/user_info_2,155,0,72
1653842928992,132,2_user_info_2,200,OK,Thread Group 1-50,text,true,,465,249,38,38,http://162.55.220.72:5005/user_info_2,132,0,64
1653842928979,147,7_object_info_4,200,OK,Thread Group 1-14,text,true,,238,167,38,38,http://162.55.220.72:5005/object_info_4?name=Pavlik&age=24&salary=1200,146,0,70
1653842928987,144,5_object_info_2,200,OK,Thread Group 1-28,text,true,,465,167,37,37,http://162.55.220.72:5005/object_info_2?name=Pavlik&age=24&salary=1200,144,0,71
1653842928997,135,6_object_info_3,200,OK,Thread Group 1-21,text,true,,526,167,37,37,http://162.55.220.72:5005/object_info_3?name=Pavlik&age=24&salary=1200,135,0,67
1653842928997,137,5_object_info_2,200,OK,Thread Group 1-29,text,true,,465,167,37,37,http://162.55.220.72:5005/object_info_2?name=Pavlik&age=24&salary=1200,136,0,66
1653842928993,145,4_object_info_1,200,OK,Thread Group 1-35,text,true,,232,165,37,37,http://162.55.220.72:5005/object_info_1?name=Pavlik&age=24&weight=67,145,0,70
1653842929010,128,3_user_info_3,200,OK,Thread Group 1-44,text,true,,371,249,37,37,http://162.55.220.72:5005/user_info_3,128,0,63
1653842929001,140,3_user_info_3,200,OK,Thread Group 1-43,text,true,,371,249,37,37,http://162.55.220.72:5005/user_info_3,140,0,69
1653842929018,146,6_object_info_3,200,OK,Thread Group 1-23,text,true,,526,167,37,37,http://162.55.220.72:5005/object_info_3?name=Pavlik&age=24&salary=1200,146,0,68
1653842929014,150,7_object_info_4,200,OK,Thread Group 1-15,text,true,,238,167,37,37,http://162.55.220.72:5005/object_info_4?name=Pavlik&age=24&salary=1200,150,0,68
1653842929012,153,7_object_info_4,200,OK,Thread Group 1-16,text,true,,238,167,36,36,http://162.55.220.72:5005/object_info_4?name=Pavlik&age=24&salary=1200,153,0,72
1653842929014,155,4_object_info_1,200,OK,Thread Group 1-36,text,true,,232,165,35,35,http://162.55.220.72:5005/object_info_1?name=Pavlik&age=24&weight=67,154,0,69
1653842929022,147,6_object_info_3,200,OK,Thread Group 1-22,text,true,,526,167,35,35,http://162.55.220.72:5005/object_info_3?name=Pavlik&age=24&salary=1200,146,0,66
1653842929029,141,5_object_info_2,200,OK,Thread Group 1-30,text,true,,465,167,35,35,http://162.55.220.72:5005/object_info_2?name=Pavlik&age=24&salary=1200,141,0,67
1653842929039,132,3_user_info_3,200,OK,Thread Group 1-45,text,true,,371,249,35,35,http://162.55.220.72:5005/user_info_3,132,0,65
1653842929044,134,4_object_info_1,200,OK,Thread Group 1-37,text,true,,232,165,35,35,http://162.55.220.72:5005/object_info_1?name=Pavlik&age=24&weight=67,133,0,65
1653842929055,137,5_object_info_2,200,OK,Thread Group 1-31,text,true,,465,167,35,35,http://162.55.220.72:5005/object_info_2?name=Pavlik&age=24&salary=1200,136,0,67
1653842929061,142,7_object_info_4,200,OK,Thread Group 1-17,text,true,,238,167,35,35,http://162.55.220.72:5005/object_info_4?name=Pavlik&age=24&salary=1200,142,0,69
1653842929067,146,6_object_info_3,200,OK,Thread Group 1-25,text,true,,526,167,34,34,http://162.55.220.72:5005/object_info_3?name=Pavlik&age=24&salary=1200,146,0,68
1653842929064,151,5_object_info_2,200,OK,Thread Group 1-32,text,true,,465,167,34,34,http://162.55.220.72:5005/object_info_2?name=Pavlik&age=24&salary=1200,150,0,69
1653842929062,154,6_object_info_3,200,OK,Thread Group 1-24,text,true,,526,167,34,34,http://162.55.220.72:5005/object_info_3?name=Pavlik&age=24&salary=1200,153,0,72
1653842929067,160,4_object_info_1,200,OK,Thread Group 1-38,text,true,,232,165,34,34,http://162.55.220.72:5005/object_info_1?name=Pavlik&age=24&weight=67,160,0,71
1653842929078,149,3_user_info_3,200,OK,Thread Group 1-46,text,true,,371,249,34,34,http://162.55.220.72:5005/user_info_3,149,0,63
1653842929067,164,6_object_info_3,200,OK,Thread Group 1-26,text,true,,526,167,34,34,http://162.55.220.72:5005/object_info_3?name=Pavlik&age=24&salary=1200,164,0,71
1653842929084,152,4_object_info_1,200,OK,Thread Group 1-40,text,true,,232,165,34,34,http://162.55.220.72:5005/object_info_1?name=Pavlik&age=24&weight=67,152,0,65
1653842929081,156,5_object_info_2,200,OK,Thread Group 1-33,text,true,,465,167,34,34,http://162.55.220.72:5005/object_info_2?name=Pavlik&age=24&salary=1200,156,0,68
1653842929081,157,4_object_info_1,200,OK,Thread Group 1-39,text,true,,232,165,34,34,http://162.55.220.72:5005/object_info_1?name=Pavlik&age=24&weight=67,157,0,68
1653842929095,146,3_user_info_3,200,OK,Thread Group 1-47,text,true,,371,249,34,34,http://162.55.220.72:5005/user_info_3,146,0,66
1653842929112,132,7_object_info_4,200,OK,Thread Group 1-20,text,true,,238,167,34,34,http://162.55.220.72:5005/object_info_4?name=Pavlik&age=24&salary=1200,131,0,61
1653842929092,152,7_object_info_4,200,OK,Thread Group 1-18,text,true,,238,167,34,34,http://162.55.220.72:5005/object_info_4?name=Pavlik&age=24&salary=1200,151,0,66
1653842929096,151,5_object_info_2,200,OK,Thread Group 1-34,text,true,,465,167,32,32,http://162.55.220.72:5005/object_info_2?name=Pavlik&age=24&salary=1200,151,0,69
1653842929099,150,7_object_info_4,200,OK,Thread Group 1-19,text,true,,238,167,32,32,http://162.55.220.72:5005/object_info_4?name=Pavlik&age=24&salary=1200,150,0,71
1653842929110,141,4_object_info_1,200,OK,Thread Group 1-42,text,true,,232,165,31,31,http://162.55.220.72:5005/object_info_1?name=Pavlik&age=24&weight=67,141,0,70
1653842929124,131,3_user_info_3,200,OK,Thread Group 1-49,text,true,,371,249,31,31,http://162.55.220.72:5005/user_info_3,131,0,63
1653842929120,139,6_object_info_3,200,OK,Thread Group 1-27,text,true,,526,167,31,31,http://162.55.220.72:5005/object_info_3?name=Pavlik&age=24&salary=1200,139,0,67
1653842929118,144,4_object_info_1,200,OK,Thread Group 1-41,text,true,,232,165,31,31,http://162.55.220.72:5005/object_info_1?name=Pavlik&age=24&weight=67,144,0,70
1653842929125,137,3_user_info_3,200,OK,Thread Group 1-50,text,true,,371,249,31,31,http://162.55.220.72:5005/user_info_3,137,0,68
1653842929131,134,6_object_info_3,200,OK,Thread Group 1-28,text,true,,526,167,31,31,http://162.55.220.72:5005/object_info_3?name=Pavlik&age=24&salary=1200,134,0,66
1653842929134,134,6_object_info_3,200,OK,Thread Group 1-29,text,true,,526,167,31,31,http://162.55.220.72:5005/object_info_3?name=Pavlik&age=24&salary=1200,133,0,66
1653842929133,136,7_object_info_4,200,OK,Thread Group 1-21,text,true,,238,167,31,31,http://162.55.220.72:5005/object_info_4?name=Pavlik&age=24&salary=1200,135,0,67
1653842929125,146,3_user_info_3,200,OK,Thread Group 1-48,text,true,,371,249,30,30,http://162.55.220.72:5005/user_info_3,146,0,71
1653842929141,132,4_object_info_1,200,OK,Thread Group 1-43,text,true,,232,165,30,30,http://162.55.220.72:5005/object_info_1?name=Pavlik&age=24&weight=67,132,0,65
1653842929138,140,4_object_info_1,200,OK,Thread Group 1-44,text,true,,232,165,30,30,http://162.55.220.72:5005/object_info_1?name=Pavlik&age=24&weight=67,140,0,69
1653842929138,142,5_object_info_2,200,OK,Thread Group 1-35,text,true,,465,167,30,30,http://162.55.220.72:5005/object_info_2?name=Pavlik&age=24&salary=1200,142,0,69
1653842929164,143,7_object_info_4,200,OK,Thread Group 1-23,text,true,,238,167,30,30,http://162.55.220.72:5005/object_info_4?name=Pavlik&age=24&salary=1200,142,0,69
1653842929170,138,7_object_info_4,200,OK,Thread Group 1-22,text,true,,238,167,29,29,http://162.55.220.72:5005/object_info_4?name=Pavlik&age=24&salary=1200,138,0,66
1653842929178,141,5_object_info_2,200,OK,Thread Group 1-37,text,true,,465,167,28,28,http://162.55.220.72:5005/object_info_2?name=Pavlik&age=24&salary=1200,141,0,67
1653842929170,149,6_object_info_3,200,OK,Thread Group 1-30,text,true,,526,167,28,28,http://162.55.220.72:5005/object_info_3?name=Pavlik&age=24&salary=1200,149,0,71
1653842929172,149,4_object_info_1,200,OK,Thread Group 1-45,text,true,,232,165,28,28,http://162.55.220.72:5005/object_info_1?name=Pavlik&age=24&weight=67,149,0,70
1653842929170,153,5_object_info_2,200,OK,Thread Group 1-36,text,true,,465,167,28,28,http://162.55.220.72:5005/object_info_2?name=Pavlik&age=24&salary=1200,153,0,70
1653842929192,134,6_object_info_3,200,OK,Thread Group 1-31,text,true,,526,167,28,28,http://162.55.220.72:5005/object_info_3?name=Pavlik&age=24&salary=1200,134,0,66
1653842929216,130,7_object_info_4,200,OK,Thread Group 1-24,text,true,,238,167,28,28,http://162.55.220.72:5005/object_info_4?name=Pavlik&age=24&salary=1200,130,0,64
1653842929215,134,6_object_info_3,200,OK,Thread Group 1-32,text,true,,526,167,27,27,http://162.55.220.72:5005/object_info_3?name=Pavlik&age=24&salary=1200,134,0,65
1653842929213,139,7_object_info_4,200,OK,Thread Group 1-25,text,true,,238,167,27,27,http://162.55.220.72:5005/object_info_4?name=Pavlik&age=24&salary=1200,139,0,69
1653842929236,132,5_object_info_2,200,OK,Thread Group 1-40,text,true,,465,167,26,26,http://162.55.220.72:5005/object_info_2?name=Pavlik&age=24&salary=1200,132,0,63
1653842929238,132,5_object_info_2,200,OK,Thread Group 1-39,text,true,,465,167,26,26,http://162.55.220.72:5005/object_info_2?name=Pavlik&age=24&salary=1200,132,0,64
1653842929228,144,5_object_info_2,200,OK,Thread Group 1-38,text,true,,465,167,26,26,http://162.55.220.72:5005/object_info_2?name=Pavlik&age=24&salary=1200,144,0,66
1653842929228,144,4_object_info_1,200,OK,Thread Group 1-46,text,true,,232,165,26,26,http://162.55.220.72:5005/object_info_1?name=Pavlik&age=24&weight=67,144,0,69
1653842929232,145,7_object_info_4,200,OK,Thread Group 1-26,text,true,,238,167,26,26,http://162.55.220.72:5005/object_info_4?name=Pavlik&age=24&salary=1200,145,0,68
1653842929237,141,6_object_info_3,200,OK,Thread Group 1-33,text,true,,526,167,25,25,http://162.55.220.72:5005/object_info_3?name=Pavlik&age=24&salary=1200,141,0,67
1653842929247,132,6_object_info_3,200,OK,Thread Group 1-34,text,true,,526,167,25,25,http://162.55.220.72:5005/object_info_3?name=Pavlik&age=24&salary=1200,132,0,66
1653842929241,140,4_object_info_1,200,OK,Thread Group 1-47,text,true,,232,165,25,25,http://162.55.220.72:5005/object_info_1?name=Pavlik&age=24&weight=67,140,0,69
1653842929263,131,5_object_info_2,200,OK,Thread Group 1-41,text,true,,465,167,25,25,http://162.55.220.72:5005/object_info_2?name=Pavlik&age=24&salary=1200,131,0,63
1653842929252,148,5_object_info_2,200,OK,Thread Group 1-42,text,true,,465,167,25,25,http://162.55.220.72:5005/object_info_2?name=Pavlik&age=24&salary=1200,148,0,71
1653842929256,146,4_object_info_1,200,OK,Thread Group 1-49,text,true,,232,165,25,25,http://162.55.220.72:5005/object_info_1?name=Pavlik&age=24&weight=67,145,0,68
1653842929263,140,4_object_info_1,200,OK,Thread Group 1-50,text,true,,232,165,25,25,http://162.55.220.72:5005/object_info_1?name=Pavlik&age=24&weight=67,140,0,66
1653842929280,134,6_object_info_3,200,OK,Thread Group 1-35,text,true,,526,167,25,25,http://162.55.220.72:5005/object_info_3?name=Pavlik&age=24&salary=1200,134,0,67
1653842929279,137,5_object_info_2,200,OK,Thread Group 1-44,text,true,,465,167,25,25,http://162.55.220.72:5005/object_info_2?name=Pavlik&age=24&salary=1200,136,0,68
1653842929274,136,5_object_info_2,200,OK,Thread Group 1-43,text,true,,465,167,25,25,http://162.55.220.72:5005/object_info_2?name=Pavlik&age=24&salary=1200,136,0,65
1653842929260,149,7_object_info_4,200,OK,Thread Group 1-27,text,true,,238,167,25,25,http://162.55.220.72:5005/object_info_4?name=Pavlik&age=24&salary=1200,149,0,69
1653842929271,138,4_object_info_1,200,OK,Thread Group 1-48,text,true,,232,165,25,25,http://162.55.220.72:5005/object_info_1?name=Pavlik&age=24&weight=67,137,0,67
1653842929266,140,7_object_info_4,200,OK,Thread Group 1-28,text,true,,238,167,25,25,http://162.55.220.72:5005/object_info_4?name=Pavlik&age=24&salary=1200,140,0,66
1653842929268,138,7_object_info_4,200,OK,Thread Group 1-29,text,true,,238,167,25,25,http://162.55.220.72:5005/object_info_4?name=Pavlik&age=24&salary=1200,138,0,67
1653842929319,139,6_object_info_3,200,OK,Thread Group 1-37,text,true,,526,167,22,22,http://162.55.220.72:5005/object_info_3?name=Pavlik&age=24&salary=1200,139,0,66
1653842929319,142,7_object_info_4,200,OK,Thread Group 1-30,text,true,,238,167,22,22,http://162.55.220.72:5005/object_info_4?name=Pavlik&age=24&salary=1200,142,0,67
1653842929322,144,5_object_info_2,200,OK,Thread Group 1-45,text,true,,465,167,21,21,http://162.55.220.72:5005/object_info_2?name=Pavlik&age=24&salary=1200,143,0,68
1653842929324,143,6_object_info_3,200,OK,Thread Group 1-36,text,true,,526,167,21,21,http://162.55.220.72:5005/object_info_3?name=Pavlik&age=24&salary=1200,143,0,70
1653842929326,149,7_object_info_4,200,OK,Thread Group 1-31,text,true,,238,167,21,21,http://162.55.220.72:5005/object_info_4?name=Pavlik&age=24&salary=1200,149,0,73
1653842929350,142,7_object_info_4,200,OK,Thread Group 1-32,text,true,,238,167,20,20,http://162.55.220.72:5005/object_info_4?name=Pavlik&age=24&salary=1200,142,0,70
1653842929368,135,6_object_info_3,200,OK,Thread Group 1-40,text,true,,526,167,19,19,http://162.55.220.72:5005/object_info_3?name=Pavlik&age=24&salary=1200,135,0,65
1653842929370,144,6_object_info_3,200,OK,Thread Group 1-39,text,true,,526,167,19,19,http://162.55.220.72:5005/object_info_3?name=Pavlik&age=24&salary=1200,144,0,66
1653842929372,146,6_object_info_3,200,OK,Thread Group 1-38,text,true,,526,167,19,19,http://162.55.220.72:5005/object_info_3?name=Pavlik&age=24&salary=1200,145,0,67
1653842929382,141,5_object_info_2,200,OK,Thread Group 1-47,text,true,,465,167,19,19,http://162.55.220.72:5005/object_info_2?name=Pavlik&age=24&salary=1200,140,0,65
1653842929378,146,7_object_info_4,200,OK,Thread Group 1-33,text,true,,238,167,19,19,http://162.55.220.72:5005/object_info_4?name=Pavlik&age=24&salary=1200,146,0,67
1653842929372,152,5_object_info_2,200,OK,Thread Group 1-46,text,true,,465,167,19,19,http://162.55.220.72:5005/object_info_2?name=Pavlik&age=24&salary=1200,152,0,69
1653842929380,146,7_object_info_4,200,OK,Thread Group 1-34,text,true,,238,167,18,18,http://162.55.220.72:5005/object_info_4?name=Pavlik&age=24&salary=1200,146,0,70
1653842929394,141,6_object_info_3,200,OK,Thread Group 1-41,text,true,,526,167,17,17,http://162.55.220.72:5005/object_info_3?name=Pavlik&age=24&salary=1200,141,0,70
1653842929402,137,5_object_info_2,200,OK,Thread Group 1-49,text,true,,465,167,17,17,http://162.55.220.72:5005/object_info_2?name=Pavlik&age=24&salary=1200,137,0,67
1653842929400,152,6_object_info_3,200,OK,Thread Group 1-42,text,true,,526,167,17,17,http://162.55.220.72:5005/object_info_3?name=Pavlik&age=24&salary=1200,152,0,75
1653842929403,150,5_object_info_2,200,OK,Thread Group 1-50,text,true,,465,167,17,17,http://162.55.220.72:5005/object_info_2?name=Pavlik&age=24&salary=1200,150,0,72
1653842929416,138,7_object_info_4,200,OK,Thread Group 1-35,text,true,,238,167,17,17,http://162.55.220.72:5005/object_info_4?name=Pavlik&age=24&salary=1200,137,0,66
1653842929416,140,6_object_info_3,200,OK,Thread Group 1-44,text,true,,526,167,16,16,http://162.55.220.72:5005/object_info_3?name=Pavlik&age=24&salary=1200,140,0,64
1653842929417,139,5_object_info_2,200,OK,Thread Group 1-48,text,true,,465,167,16,16,http://162.55.220.72:5005/object_info_2?name=Pavlik&age=24&salary=1200,139,0,66
1653842929416,143,6_object_info_3,200,OK,Thread Group 1-43,text,true,,526,167,16,16,http://162.55.220.72:5005/object_info_3?name=Pavlik&age=24&salary=1200,143,0,70
1653842929458,130,7_object_info_4,200,OK,Thread Group 1-37,text,true,,238,167,16,16,http://162.55.220.72:5005/object_info_4?name=Pavlik&age=24&salary=1200,130,0,63
1653842929466,143,6_object_info_3,200,OK,Thread Group 1-45,text,true,,526,167,15,15,http://162.55.220.72:5005/object_info_3?name=Pavlik&age=24&salary=1200,142,0,69
1653842929467,151,7_object_info_4,200,OK,Thread Group 1-36,text,true,,238,167,15,15,http://162.55.220.72:5005/object_info_4?name=Pavlik&age=24&salary=1200,151,0,75
1653842929503,138,7_object_info_4,200,OK,Thread Group 1-40,text,true,,238,167,14,14,http://162.55.220.72:5005/object_info_4?name=Pavlik&age=24&salary=1200,138,0,67
1653842929523,132,6_object_info_3,200,OK,Thread Group 1-47,text,true,,526,167,13,13,http://162.55.220.72:5005/object_info_3?name=Pavlik&age=24&salary=1200,132,0,63
1653842929518,143,7_object_info_4,200,OK,Thread Group 1-38,text,true,,238,167,13,13,http://162.55.220.72:5005/object_info_4?name=Pavlik&age=24&salary=1200,143,0,67
1653842929535,129,7_object_info_4,200,OK,Thread Group 1-41,text,true,,238,167,12,12,http://162.55.220.72:5005/object_info_4?name=Pavlik&age=24&salary=1200,129,0,62
1653842929525,140,6_object_info_3,200,OK,Thread Group 1-46,text,true,,526,167,11,11,http://162.55.220.72:5005/object_info_3?name=Pavlik&age=24&salary=1200,140,0,65
1653842929515,152,7_object_info_4,200,OK,Thread Group 1-39,text,true,,238,167,11,11,http://162.55.220.72:5005/object_info_4?name=Pavlik&age=24&salary=1200,151,0,69
1653842929539,134,6_object_info_3,200,OK,Thread Group 1-49,text,true,,526,167,10,10,http://162.55.220.72:5005/object_info_3?name=Pavlik&age=24&salary=1200,133,0,66
1653842929553,134,6_object_info_3,200,OK,Thread Group 1-50,text,true,,526,167,10,10,http://162.55.220.72:5005/object_info_3?name=Pavlik&age=24&salary=1200,134,0,65
1653842929552,135,7_object_info_4,200,OK,Thread Group 1-42,text,true,,238,167,10,10,http://162.55.220.72:5005/object_info_4?name=Pavlik&age=24&salary=1200,135,0,67
1653842929557,137,6_object_info_3,200,OK,Thread Group 1-48,text,true,,526,167,9,9,http://162.55.220.72:5005/object_info_3?name=Pavlik&age=24&salary=1200,137,0,66
1653842929559,135,7_object_info_4,200,OK,Thread Group 1-43,text,true,,238,167,9,9,http://162.55.220.72:5005/object_info_4?name=Pavlik&age=24&salary=1200,135,0,66
1653842929557,142,7_object_info_4,200,OK,Thread Group 1-44,text,true,,238,167,8,8,http://162.55.220.72:5005/object_info_4?name=Pavlik&age=24&salary=1200,142,0,69
1653842929609,143,7_object_info_4,200,OK,Thread Group 1-45,text,true,,238,167,7,7,http://162.55.220.72:5005/object_info_4?name=Pavlik&age=24&salary=1200,143,0,70
1653842929656,137,7_object_info_4,200,OK,Thread Group 1-47,text,true,,238,167,6,6,http://162.55.220.72:5005/object_info_4?name=Pavlik&age=24&salary=1200,136,0,66
1653842929665,142,7_object_info_4,200,OK,Thread Group 1-46,text,true,,238,167,5,5,http://162.55.220.72:5005/object_info_4?name=Pavlik&age=24&salary=1200,142,0,69
1653842929673,142,7_object_info_4,200,OK,Thread Group 1-49,text,true,,238,167,4,4,http://162.55.220.72:5005/object_info_4?name=Pavlik&age=24&salary=1200,141,0,69
1653842929687,140,7_object_info_4,200,OK,Thread Group 1-50,text,true,,238,167,3,3,http://162.55.220.72:5005/object_info_4?name=Pavlik&age=24&salary=1200,140,0,66
1653842929695,132,7_object_info_4,200,OK,Thread Group 1-48,text,true,,238,167,3,3,http://162.55.220.72:5005/object_info_4?name=Pavlik&age=24&salary=1200,132,0,62
1653842928126,21016,2_user_info_2,Non HTTP response code: org.apache.http.conn.HttpHostConnectException,Non HTTP response message: Connect to 162.55.220.72:5005 [/162.55.220.72] failed: Connection timed out: connect,Thread Group 1-7,text,false,,2717,0,1,1,http://162.55.220.72:5005/user_info_2,0,0,21016
1653842949144,135,3_user_info_3,200,OK,Thread Group 1-7,text,true,,371,249,1,1,http://162.55.220.72:5005/user_info_3,135,0,66
1653842949280,138,4_object_info_1,200,OK,Thread Group 1-7,text,true,,232,165,1,1,http://162.55.220.72:5005/object_info_1?name=Pavlik&age=24&weight=67,138,0,68
1653842949418,142,5_object_info_2,200,OK,Thread Group 1-7,text,true,,465,167,1,1,http://162.55.220.72:5005/object_info_2?name=Pavlik&age=24&salary=1200,142,0,69
1653842949560,145,6_object_info_3,200,OK,Thread Group 1-7,text,true,,526,167,1,1,http://162.55.220.72:5005/object_info_3?name=Pavlik&age=24&salary=1200,145,0,70
1653842949706,143,7_object_info_4,200,OK,Thread Group 1-7,text,true,,238,167,1,1,http://162.55.220.72:5005/object_info_4?name=Pavlik&age=24&salary=1200,143,0,70
